<?xml version="1.0" encoding="UTF-8"?>
<地図 xmlns="http://www.moj.go.jp/MINJI/tizuxml" xmlns:zmn="http://www.moj.go.jp/MINJI/tizuzumen" xmlns:xsi="http://www.w3.org/2001/XMLSchema-instance" xsi:schemaLocation="http://www.moj.go.jp/MINJI/tizuxml tizuxml.xsd">
	<version>ver1.0</version>
	<地図名>上高尻２２Ｆ０４</地図名>
	<市区町村コード>32505</市区町村コード>
	<市区町村名>鹿足郡吉賀町</市区町村名>
	<座標系>任意座標系</座標系>
	<空間属性>
		<zmn:GM_Point id="P000000001">
			<zmn:GM_Point.position>
				<zmn:DirectPosition>
					<zmn:X>803.061</zmn:X>
					<zmn:Y>8080.651</zmn:Y>
				</zmn:DirectPosition>
			</zmn:GM_Point.position>
		</zmn:GM_Point>
		<zmn:GM_Point id="P000000002">
			<zmn:GM_Point.position>
				<zmn:DirectPosition>
					<zmn:X>801.428</zmn:X>
					<zmn:Y>8076.420</zmn:Y>
				</zmn:DirectPosition>
			</zmn:GM_Point.position>
		</zmn:GM_Point>
		<zmn:GM_Point id="P000000003">
			<zmn:GM_Point.position>
				<zmn:DirectPosition>
					<zmn:X>826.830</zmn:X>
					<zmn:Y>8084.418</zmn:Y>
				</zmn:DirectPosition>
			</zmn:GM_Point.position>
		</zmn:GM_Point>
		<zmn:GM_Point id="P000000004">
			<zmn:GM_Point.position>
				<zmn:DirectPosition>
					<zmn:X>820.961</zmn:X>
					<zmn:Y>8085.972</zmn:Y>
				</zmn:DirectPosition>
			</zmn:GM_Point.position>
		</zmn:GM_Point>
		<zmn:GM_Point id="P000000005">
			<zmn:GM_Point.position>
				<zmn:DirectPosition>
					<zmn:X>816.806</zmn:X>
					<zmn:Y>8086.957</zmn:Y>
				</zmn:DirectPosition>
			</zmn:GM_Point.position>
		</zmn:GM_Point>
		<zmn:GM_Point id="P000000006">
			<zmn:GM_Point.position>
				<zmn:DirectPosition>
					<zmn:X>813.414</zmn:X>
					<zmn:Y>8087.904</zmn:Y>
				</zmn:DirectPosition>
			</zmn:GM_Point.position>
		</zmn:GM_Point>
		<zmn:GM_Point id="P000000007">
			<zmn:GM_Point.position>
				<zmn:DirectPosition>
					<zmn:X>808.726</zmn:X>
					<zmn:Y>8089.003</zmn:Y>
				</zmn:DirectPosition>
			</zmn:GM_Point.position>
		</zmn:GM_Point>
		<zmn:GM_Point id="P000000008">
			<zmn:GM_Point.position>
				<zmn:DirectPosition>
					<zmn:X>802.589</zmn:X>
					<zmn:Y>8090.594</zmn:Y>
				</zmn:DirectPosition>
			</zmn:GM_Point.position>
		</zmn:GM_Point>
		<zmn:GM_Point id="P000000009">
			<zmn:GM_Point.position>
				<zmn:DirectPosition>
					<zmn:X>800.837</zmn:X>
					<zmn:Y>8090.935</zmn:Y>
				</zmn:DirectPosition>
			</zmn:GM_Point.position>
		</zmn:GM_Point>
		<zmn:GM_Point id="P000000010">
			<zmn:GM_Point.position>
				<zmn:DirectPosition>
					<zmn:X>785.934</zmn:X>
					<zmn:Y>8094.610</zmn:Y>
				</zmn:DirectPosition>
			</zmn:GM_Point.position>
		</zmn:GM_Point>
		<zmn:GM_Point id="P000000011">
			<zmn:GM_Point.position>
				<zmn:DirectPosition>
					<zmn:X>779.722</zmn:X>
					<zmn:Y>8095.782</zmn:Y>
				</zmn:DirectPosition>
			</zmn:GM_Point.position>
		</zmn:GM_Point>
		<zmn:GM_Point id="P000000012">
			<zmn:GM_Point.position>
				<zmn:DirectPosition>
					<zmn:X>803.820</zmn:X>
					<zmn:Y>8083.091</zmn:Y>
				</zmn:DirectPosition>
			</zmn:GM_Point.position>
		</zmn:GM_Point>
		<zmn:GM_Point id="P000000013">
			<zmn:GM_Point.position>
				<zmn:DirectPosition>
					<zmn:X>771.262</zmn:X>
					<zmn:Y>8097.142</zmn:Y>
				</zmn:DirectPosition>
			</zmn:GM_Point.position>
		</zmn:GM_Point>
		<zmn:GM_Point id="P000000014">
			<zmn:GM_Point.position>
				<zmn:DirectPosition>
					<zmn:X>770.008</zmn:X>
					<zmn:Y>8094.777</zmn:Y>
				</zmn:DirectPosition>
			</zmn:GM_Point.position>
		</zmn:GM_Point>
		<zmn:GM_Point id="P000000015">
			<zmn:GM_Point.position>
				<zmn:DirectPosition>
					<zmn:X>768.338</zmn:X>
					<zmn:Y>8090.737</zmn:Y>
				</zmn:DirectPosition>
			</zmn:GM_Point.position>
		</zmn:GM_Point>
		<zmn:GM_Point id="P000000016">
			<zmn:GM_Point.position>
				<zmn:DirectPosition>
					<zmn:X>767.237</zmn:X>
					<zmn:Y>8087.458</zmn:Y>
				</zmn:DirectPosition>
			</zmn:GM_Point.position>
		</zmn:GM_Point>
		<zmn:GM_Point id="P000000017">
			<zmn:GM_Point.position>
				<zmn:DirectPosition>
					<zmn:X>767.161</zmn:X>
					<zmn:Y>8086.772</zmn:Y>
				</zmn:DirectPosition>
			</zmn:GM_Point.position>
		</zmn:GM_Point>
		<zmn:GM_Point id="P000000018">
			<zmn:GM_Point.position>
				<zmn:DirectPosition>
					<zmn:X>770.711</zmn:X>
					<zmn:Y>8083.082</zmn:Y>
				</zmn:DirectPosition>
			</zmn:GM_Point.position>
		</zmn:GM_Point>
		<zmn:GM_Point id="P000000019">
			<zmn:GM_Point.position>
				<zmn:DirectPosition>
					<zmn:X>777.274</zmn:X>
					<zmn:Y>8076.004</zmn:Y>
				</zmn:DirectPosition>
			</zmn:GM_Point.position>
		</zmn:GM_Point>
		<zmn:GM_Point id="P000000020">
			<zmn:GM_Point.position>
				<zmn:DirectPosition>
					<zmn:X>781.280</zmn:X>
					<zmn:Y>8071.819</zmn:Y>
				</zmn:DirectPosition>
			</zmn:GM_Point.position>
		</zmn:GM_Point>
		<zmn:GM_Point id="P000000021">
			<zmn:GM_Point.position>
				<zmn:DirectPosition>
					<zmn:X>789.055</zmn:X>
					<zmn:Y>8070.230</zmn:Y>
				</zmn:DirectPosition>
			</zmn:GM_Point.position>
		</zmn:GM_Point>
		<zmn:GM_Point id="P000000022">
			<zmn:GM_Point.position>
				<zmn:DirectPosition>
					<zmn:X>809.140</zmn:X>
					<zmn:Y>8065.915</zmn:Y>
				</zmn:DirectPosition>
			</zmn:GM_Point.position>
		</zmn:GM_Point>
		<zmn:GM_Point id="P000000023">
			<zmn:GM_Point.position>
				<zmn:DirectPosition>
					<zmn:X>793.337</zmn:X>
					<zmn:Y>8086.314</zmn:Y>
				</zmn:DirectPosition>
			</zmn:GM_Point.position>
		</zmn:GM_Point>
		<zmn:GM_Point id="P000000024">
			<zmn:GM_Point.position>
				<zmn:DirectPosition>
					<zmn:X>811.652</zmn:X>
					<zmn:Y>8067.176</zmn:Y>
				</zmn:DirectPosition>
			</zmn:GM_Point.position>
		</zmn:GM_Point>
		<zmn:GM_Point id="P000000025">
			<zmn:GM_Point.position>
				<zmn:DirectPosition>
					<zmn:X>815.154</zmn:X>
					<zmn:Y>8069.353</zmn:Y>
				</zmn:DirectPosition>
			</zmn:GM_Point.position>
		</zmn:GM_Point>
		<zmn:GM_Point id="P000000026">
			<zmn:GM_Point.position>
				<zmn:DirectPosition>
					<zmn:X>816.448</zmn:X>
					<zmn:Y>8070.498</zmn:Y>
				</zmn:DirectPosition>
			</zmn:GM_Point.position>
		</zmn:GM_Point>
		<zmn:GM_Point id="P000000027">
			<zmn:GM_Point.position>
				<zmn:DirectPosition>
					<zmn:X>818.046</zmn:X>
					<zmn:Y>8072.062</zmn:Y>
				</zmn:DirectPosition>
			</zmn:GM_Point.position>
		</zmn:GM_Point>
		<zmn:GM_Point id="P000000028">
			<zmn:GM_Point.position>
				<zmn:DirectPosition>
					<zmn:X>821.546</zmn:X>
					<zmn:Y>8075.762</zmn:Y>
				</zmn:DirectPosition>
			</zmn:GM_Point.position>
		</zmn:GM_Point>
		<zmn:GM_Point id="P000000029">
			<zmn:GM_Point.position>
				<zmn:DirectPosition>
					<zmn:X>822.916</zmn:X>
					<zmn:Y>8077.365</zmn:Y>
				</zmn:DirectPosition>
			</zmn:GM_Point.position>
		</zmn:GM_Point>
		<zmn:GM_Point id="P000000030">
			<zmn:GM_Point.position>
				<zmn:DirectPosition>
					<zmn:X>824.703</zmn:X>
					<zmn:Y>8079.653</zmn:Y>
				</zmn:DirectPosition>
			</zmn:GM_Point.position>
		</zmn:GM_Point>
		<zmn:GM_Point id="P000000031">
			<zmn:GM_Point.position>
				<zmn:DirectPosition>
					<zmn:X>826.071</zmn:X>
					<zmn:Y>8082.245</zmn:Y>
				</zmn:DirectPosition>
			</zmn:GM_Point.position>
		</zmn:GM_Point>
		<zmn:GM_Point id="P000000032">
			<zmn:GM_Point.position>
				<zmn:DirectPosition>
					<zmn:X>787.430</zmn:X>
					<zmn:Y>8087.830</zmn:Y>
				</zmn:DirectPosition>
			</zmn:GM_Point.position>
		</zmn:GM_Point>
		<zmn:GM_Point id="P000000033">
			<zmn:GM_Point.position>
				<zmn:DirectPosition>
					<zmn:X>786.257</zmn:X>
					<zmn:Y>8081.923</zmn:Y>
				</zmn:DirectPosition>
			</zmn:GM_Point.position>
		</zmn:GM_Point>
		<zmn:GM_Point id="P000000034">
			<zmn:GM_Point.position>
				<zmn:DirectPosition>
					<zmn:X>785.651</zmn:X>
					<zmn:Y>8079.445</zmn:Y>
				</zmn:DirectPosition>
			</zmn:GM_Point.position>
		</zmn:GM_Point>
		<zmn:GM_Point id="P000000035">
			<zmn:GM_Point.position>
				<zmn:DirectPosition>
					<zmn:X>784.929</zmn:X>
					<zmn:Y>8077.768</zmn:Y>
				</zmn:DirectPosition>
			</zmn:GM_Point.position>
		</zmn:GM_Point>
		<zmn:GM_Point id="P000000036">
			<zmn:GM_Point.position>
				<zmn:DirectPosition>
					<zmn:X>790.265</zmn:X>
					<zmn:Y>8076.099</zmn:Y>
				</zmn:DirectPosition>
			</zmn:GM_Point.position>
		</zmn:GM_Point>
		<zmn:GM_Point id="P000000037">
			<zmn:GM_Point.position>
				<zmn:DirectPosition>
					<zmn:X>799.909</zmn:X>
					<zmn:Y>8072.988</zmn:Y>
				</zmn:DirectPosition>
			</zmn:GM_Point.position>
		</zmn:GM_Point>
		<zmn:GM_Curve id="C000000001">
			<zmn:GM_OrientablePrimitive.orientation>+</zmn:GM_OrientablePrimitive.orientation>
			<zmn:GM_OrientablePrimitive.primitive idref="C000000001"/>
			<zmn:GM_Curve.segment>
				<zmn:GM_LineString>
					<zmn:GM_LineString.controlPoint>
						<zmn:GM_PointArray.column>
							<zmn:GM_Position.direct>
								<zmn:X>826.071</zmn:X>
								<zmn:Y>8082.245</zmn:Y>
							</zmn:GM_Position.direct>
						</zmn:GM_PointArray.column>
						<zmn:GM_PointArray.column>
							<zmn:GM_Position.direct>
								<zmn:X>826.830</zmn:X>
								<zmn:Y>8084.418</zmn:Y>
							</zmn:GM_Position.direct>
						</zmn:GM_PointArray.column>
					</zmn:GM_LineString.controlPoint>
				</zmn:GM_LineString>
			</zmn:GM_Curve.segment>
		</zmn:GM_Curve>
		<zmn:GM_Curve id="C000000002">
			<zmn:GM_OrientablePrimitive.orientation>+</zmn:GM_OrientablePrimitive.orientation>
			<zmn:GM_OrientablePrimitive.primitive idref="C000000002"/>
			<zmn:GM_Curve.segment>
				<zmn:GM_LineString>
					<zmn:GM_LineString.controlPoint>
						<zmn:GM_PointArray.column>
							<zmn:GM_Position.indirect>
								<zmn:GM_PointRef.point idref="P000000003"/>
							</zmn:GM_Position.indirect>
						</zmn:GM_PointArray.column>
						<zmn:GM_PointArray.column>
							<zmn:GM_Position.indirect>
								<zmn:GM_PointRef.point idref="P000000004"/>
							</zmn:GM_Position.indirect>
						</zmn:GM_PointArray.column>
					</zmn:GM_LineString.controlPoint>
				</zmn:GM_LineString>
			</zmn:GM_Curve.segment>
		</zmn:GM_Curve>
		<zmn:GM_Curve id="C000000003">
			<zmn:GM_OrientablePrimitive.orientation>+</zmn:GM_OrientablePrimitive.orientation>
			<zmn:GM_OrientablePrimitive.primitive idref="C000000003"/>
			<zmn:GM_Curve.segment>
				<zmn:GM_LineString>
					<zmn:GM_LineString.controlPoint>
						<zmn:GM_PointArray.column>
							<zmn:GM_Position.indirect>
								<zmn:GM_PointRef.point idref="P000000004"/>
							</zmn:GM_Position.indirect>
						</zmn:GM_PointArray.column>
						<zmn:GM_PointArray.column>
							<zmn:GM_Position.indirect>
								<zmn:GM_PointRef.point idref="P000000005"/>
							</zmn:GM_Position.indirect>
						</zmn:GM_PointArray.column>
					</zmn:GM_LineString.controlPoint>
				</zmn:GM_LineString>
			</zmn:GM_Curve.segment>
		</zmn:GM_Curve>
		<zmn:GM_Curve id="C000000004">
			<zmn:GM_OrientablePrimitive.orientation>+</zmn:GM_OrientablePrimitive.orientation>
			<zmn:GM_OrientablePrimitive.primitive idref="C000000004"/>
			<zmn:GM_Curve.segment>
				<zmn:GM_LineString>
					<zmn:GM_LineString.controlPoint>
						<zmn:GM_PointArray.column>
							<zmn:GM_Position.indirect>
								<zmn:GM_PointRef.point idref="P000000005"/>
							</zmn:GM_Position.indirect>
						</zmn:GM_PointArray.column>
						<zmn:GM_PointArray.column>
							<zmn:GM_Position.indirect>
								<zmn:GM_PointRef.point idref="P000000006"/>
							</zmn:GM_Position.indirect>
						</zmn:GM_PointArray.column>
					</zmn:GM_LineString.controlPoint>
				</zmn:GM_LineString>
			</zmn:GM_Curve.segment>
		</zmn:GM_Curve>
		<zmn:GM_Curve id="C000000005">
			<zmn:GM_OrientablePrimitive.orientation>+</zmn:GM_OrientablePrimitive.orientation>
			<zmn:GM_OrientablePrimitive.primitive idref="C000000005"/>
			<zmn:GM_Curve.segment>
				<zmn:GM_LineString>
					<zmn:GM_LineString.controlPoint>
						<zmn:GM_PointArray.column>
							<zmn:GM_Position.indirect>
								<zmn:GM_PointRef.point idref="P000000006"/>
							</zmn:GM_Position.indirect>
						</zmn:GM_PointArray.column>
						<zmn:GM_PointArray.column>
							<zmn:GM_Position.indirect>
								<zmn:GM_PointRef.point idref="P000000007"/>
							</zmn:GM_Position.indirect>
						</zmn:GM_PointArray.column>
					</zmn:GM_LineString.controlPoint>
				</zmn:GM_LineString>
			</zmn:GM_Curve.segment>
		</zmn:GM_Curve>
		<zmn:GM_Curve id="C000000006">
			<zmn:GM_OrientablePrimitive.orientation>+</zmn:GM_OrientablePrimitive.orientation>
			<zmn:GM_OrientablePrimitive.primitive idref="C000000006"/>
			<zmn:GM_Curve.segment>
				<zmn:GM_LineString>
					<zmn:GM_LineString.controlPoint>
						<zmn:GM_PointArray.column>
							<zmn:GM_Position.indirect>
								<zmn:GM_PointRef.point idref="P000000007"/>
							</zmn:GM_Position.indirect>
						</zmn:GM_PointArray.column>
						<zmn:GM_PointArray.column>
							<zmn:GM_Position.indirect>
								<zmn:GM_PointRef.point idref="P000000008"/>
							</zmn:GM_Position.indirect>
						</zmn:GM_PointArray.column>
					</zmn:GM_LineString.controlPoint>
				</zmn:GM_LineString>
			</zmn:GM_Curve.segment>
		</zmn:GM_Curve>
		<zmn:GM_Curve id="C000000007">
			<zmn:GM_OrientablePrimitive.orientation>+</zmn:GM_OrientablePrimitive.orientation>
			<zmn:GM_OrientablePrimitive.primitive idref="C000000007"/>
			<zmn:GM_Curve.segment>
				<zmn:GM_LineString>
					<zmn:GM_LineString.controlPoint>
						<zmn:GM_PointArray.column>
							<zmn:GM_Position.indirect>
								<zmn:GM_PointRef.point idref="P000000008"/>
							</zmn:GM_Position.indirect>
						</zmn:GM_PointArray.column>
						<zmn:GM_PointArray.column>
							<zmn:GM_Position.indirect>
								<zmn:GM_PointRef.point idref="P000000009"/>
							</zmn:GM_Position.indirect>
						</zmn:GM_PointArray.column>
					</zmn:GM_LineString.controlPoint>
				</zmn:GM_LineString>
			</zmn:GM_Curve.segment>
		</zmn:GM_Curve>
		<zmn:GM_Curve id="C000000008">
			<zmn:GM_OrientablePrimitive.orientation>+</zmn:GM_OrientablePrimitive.orientation>
			<zmn:GM_OrientablePrimitive.primitive idref="C000000008"/>
			<zmn:GM_Curve.segment>
				<zmn:GM_LineString>
					<zmn:GM_LineString.controlPoint>
						<zmn:GM_PointArray.column>
							<zmn:GM_Position.indirect>
								<zmn:GM_PointRef.point idref="P000000009"/>
							</zmn:GM_Position.indirect>
						</zmn:GM_PointArray.column>
						<zmn:GM_PointArray.column>
							<zmn:GM_Position.indirect>
								<zmn:GM_PointRef.point idref="P000000010"/>
							</zmn:GM_Position.indirect>
						</zmn:GM_PointArray.column>
					</zmn:GM_LineString.controlPoint>
				</zmn:GM_LineString>
			</zmn:GM_Curve.segment>
		</zmn:GM_Curve>
		<zmn:GM_Curve id="C000000009">
			<zmn:GM_OrientablePrimitive.orientation>+</zmn:GM_OrientablePrimitive.orientation>
			<zmn:GM_OrientablePrimitive.primitive idref="C000000009"/>
			<zmn:GM_Curve.segment>
				<zmn:GM_LineString>
					<zmn:GM_LineString.controlPoint>
						<zmn:GM_PointArray.column>
							<zmn:GM_Position.indirect>
								<zmn:GM_PointRef.point idref="P000000010"/>
							</zmn:GM_Position.indirect>
						</zmn:GM_PointArray.column>
						<zmn:GM_PointArray.column>
							<zmn:GM_Position.indirect>
								<zmn:GM_PointRef.point idref="P000000011"/>
							</zmn:GM_Position.indirect>
						</zmn:GM_PointArray.column>
					</zmn:GM_LineString.controlPoint>
				</zmn:GM_LineString>
			</zmn:GM_Curve.segment>
		</zmn:GM_Curve>
		<zmn:GM_Curve id="C000000010">
			<zmn:GM_OrientablePrimitive.orientation>+</zmn:GM_OrientablePrimitive.orientation>
			<zmn:GM_OrientablePrimitive.primitive idref="C000000010"/>
			<zmn:GM_Curve.segment>
				<zmn:GM_LineString>
					<zmn:GM_LineString.controlPoint>
						<zmn:GM_PointArray.column>
							<zmn:GM_Position.indirect>
								<zmn:GM_PointRef.point idref="P000000011"/>
							</zmn:GM_Position.indirect>
						</zmn:GM_PointArray.column>
						<zmn:GM_PointArray.column>
							<zmn:GM_Position.indirect>
								<zmn:GM_PointRef.point idref="P000000013"/>
							</zmn:GM_Position.indirect>
						</zmn:GM_PointArray.column>
					</zmn:GM_LineString.controlPoint>
				</zmn:GM_LineString>
			</zmn:GM_Curve.segment>
		</zmn:GM_Curve>
		<zmn:GM_Curve id="C000000011">
			<zmn:GM_OrientablePrimitive.orientation>+</zmn:GM_OrientablePrimitive.orientation>
			<zmn:GM_OrientablePrimitive.primitive idref="C000000011"/>
			<zmn:GM_Curve.segment>
				<zmn:GM_LineString>
					<zmn:GM_LineString.controlPoint>
						<zmn:GM_PointArray.column>
							<zmn:GM_Position.indirect>
								<zmn:GM_PointRef.point idref="P000000013"/>
							</zmn:GM_Position.indirect>
						</zmn:GM_PointArray.column>
						<zmn:GM_PointArray.column>
							<zmn:GM_Position.indirect>
								<zmn:GM_PointRef.point idref="P000000014"/>
							</zmn:GM_Position.indirect>
						</zmn:GM_PointArray.column>
					</zmn:GM_LineString.controlPoint>
				</zmn:GM_LineString>
			</zmn:GM_Curve.segment>
		</zmn:GM_Curve>
		<zmn:GM_Curve id="C000000012">
			<zmn:GM_OrientablePrimitive.orientation>+</zmn:GM_OrientablePrimitive.orientation>
			<zmn:GM_OrientablePrimitive.primitive idref="C000000012"/>
			<zmn:GM_Curve.segment>
				<zmn:GM_LineString>
					<zmn:GM_LineString.controlPoint>
						<zmn:GM_PointArray.column>
							<zmn:GM_Position.indirect>
								<zmn:GM_PointRef.point idref="P000000014"/>
							</zmn:GM_Position.indirect>
						</zmn:GM_PointArray.column>
						<zmn:GM_PointArray.column>
							<zmn:GM_Position.indirect>
								<zmn:GM_PointRef.point idref="P000000015"/>
							</zmn:GM_Position.indirect>
						</zmn:GM_PointArray.column>
					</zmn:GM_LineString.controlPoint>
				</zmn:GM_LineString>
			</zmn:GM_Curve.segment>
		</zmn:GM_Curve>
		<zmn:GM_Curve id="C000000013">
			<zmn:GM_OrientablePrimitive.orientation>+</zmn:GM_OrientablePrimitive.orientation>
			<zmn:GM_OrientablePrimitive.primitive idref="C000000013"/>
			<zmn:GM_Curve.segment>
				<zmn:GM_LineString>
					<zmn:GM_LineString.controlPoint>
						<zmn:GM_PointArray.column>
							<zmn:GM_Position.indirect>
								<zmn:GM_PointRef.point idref="P000000015"/>
							</zmn:GM_Position.indirect>
						</zmn:GM_PointArray.column>
						<zmn:GM_PointArray.column>
							<zmn:GM_Position.indirect>
								<zmn:GM_PointRef.point idref="P000000016"/>
							</zmn:GM_Position.indirect>
						</zmn:GM_PointArray.column>
					</zmn:GM_LineString.controlPoint>
				</zmn:GM_LineString>
			</zmn:GM_Curve.segment>
		</zmn:GM_Curve>
		<zmn:GM_Curve id="C000000014">
			<zmn:GM_OrientablePrimitive.orientation>+</zmn:GM_OrientablePrimitive.orientation>
			<zmn:GM_OrientablePrimitive.primitive idref="C000000014"/>
			<zmn:GM_Curve.segment>
				<zmn:GM_LineString>
					<zmn:GM_LineString.controlPoint>
						<zmn:GM_PointArray.column>
							<zmn:GM_Position.indirect>
								<zmn:GM_PointRef.point idref="P000000016"/>
							</zmn:GM_Position.indirect>
						</zmn:GM_PointArray.column>
						<zmn:GM_PointArray.column>
							<zmn:GM_Position.indirect>
								<zmn:GM_PointRef.point idref="P000000017"/>
							</zmn:GM_Position.indirect>
						</zmn:GM_PointArray.column>
					</zmn:GM_LineString.controlPoint>
				</zmn:GM_LineString>
			</zmn:GM_Curve.segment>
		</zmn:GM_Curve>
		<zmn:GM_Curve id="C000000015">
			<zmn:GM_OrientablePrimitive.orientation>+</zmn:GM_OrientablePrimitive.orientation>
			<zmn:GM_OrientablePrimitive.primitive idref="C000000015"/>
			<zmn:GM_Curve.segment>
				<zmn:GM_LineString>
					<zmn:GM_LineString.controlPoint>
						<zmn:GM_PointArray.column>
							<zmn:GM_Position.indirect>
								<zmn:GM_PointRef.point idref="P000000017"/>
							</zmn:GM_Position.indirect>
						</zmn:GM_PointArray.column>
						<zmn:GM_PointArray.column>
							<zmn:GM_Position.indirect>
								<zmn:GM_PointRef.point idref="P000000018"/>
							</zmn:GM_Position.indirect>
						</zmn:GM_PointArray.column>
					</zmn:GM_LineString.controlPoint>
				</zmn:GM_LineString>
			</zmn:GM_Curve.segment>
		</zmn:GM_Curve>
		<zmn:GM_Curve id="C000000016">
			<zmn:GM_OrientablePrimitive.orientation>+</zmn:GM_OrientablePrimitive.orientation>
			<zmn:GM_OrientablePrimitive.primitive idref="C000000016"/>
			<zmn:GM_Curve.segment>
				<zmn:GM_LineString>
					<zmn:GM_LineString.controlPoint>
						<zmn:GM_PointArray.column>
							<zmn:GM_Position.indirect>
								<zmn:GM_PointRef.point idref="P000000018"/>
							</zmn:GM_Position.indirect>
						</zmn:GM_PointArray.column>
						<zmn:GM_PointArray.column>
							<zmn:GM_Position.indirect>
								<zmn:GM_PointRef.point idref="P000000019"/>
							</zmn:GM_Position.indirect>
						</zmn:GM_PointArray.column>
					</zmn:GM_LineString.controlPoint>
				</zmn:GM_LineString>
			</zmn:GM_Curve.segment>
		</zmn:GM_Curve>
		<zmn:GM_Curve id="C000000017">
			<zmn:GM_OrientablePrimitive.orientation>+</zmn:GM_OrientablePrimitive.orientation>
			<zmn:GM_OrientablePrimitive.primitive idref="C000000017"/>
			<zmn:GM_Curve.segment>
				<zmn:GM_LineString>
					<zmn:GM_LineString.controlPoint>
						<zmn:GM_PointArray.column>
							<zmn:GM_Position.indirect>
								<zmn:GM_PointRef.point idref="P000000019"/>
							</zmn:GM_Position.indirect>
						</zmn:GM_PointArray.column>
						<zmn:GM_PointArray.column>
							<zmn:GM_Position.indirect>
								<zmn:GM_PointRef.point idref="P000000020"/>
							</zmn:GM_Position.indirect>
						</zmn:GM_PointArray.column>
					</zmn:GM_LineString.controlPoint>
				</zmn:GM_LineString>
			</zmn:GM_Curve.segment>
		</zmn:GM_Curve>
		<zmn:GM_Curve id="C000000018">
			<zmn:GM_OrientablePrimitive.orientation>+</zmn:GM_OrientablePrimitive.orientation>
			<zmn:GM_OrientablePrimitive.primitive idref="C000000018"/>
			<zmn:GM_Curve.segment>
				<zmn:GM_LineString>
					<zmn:GM_LineString.controlPoint>
						<zmn:GM_PointArray.column>
							<zmn:GM_Position.indirect>
								<zmn:GM_PointRef.point idref="P000000020"/>
							</zmn:GM_Position.indirect>
						</zmn:GM_PointArray.column>
						<zmn:GM_PointArray.column>
							<zmn:GM_Position.indirect>
								<zmn:GM_PointRef.point idref="P000000035"/>
							</zmn:GM_Position.indirect>
						</zmn:GM_PointArray.column>
					</zmn:GM_LineString.controlPoint>
				</zmn:GM_LineString>
			</zmn:GM_Curve.segment>
		</zmn:GM_Curve>
		<zmn:GM_Curve id="C000000019">
			<zmn:GM_OrientablePrimitive.orientation>+</zmn:GM_OrientablePrimitive.orientation>
			<zmn:GM_OrientablePrimitive.primitive idref="C000000019"/>
			<zmn:GM_Curve.segment>
				<zmn:GM_LineString>
					<zmn:GM_LineString.controlPoint>
						<zmn:GM_PointArray.column>
							<zmn:GM_Position.indirect>
								<zmn:GM_PointRef.point idref="P000000035"/>
							</zmn:GM_Position.indirect>
						</zmn:GM_PointArray.column>
						<zmn:GM_PointArray.column>
							<zmn:GM_Position.indirect>
								<zmn:GM_PointRef.point idref="P000000034"/>
							</zmn:GM_Position.indirect>
						</zmn:GM_PointArray.column>
					</zmn:GM_LineString.controlPoint>
				</zmn:GM_LineString>
			</zmn:GM_Curve.segment>
		</zmn:GM_Curve>
		<zmn:GM_Curve id="C000000020">
			<zmn:GM_OrientablePrimitive.orientation>+</zmn:GM_OrientablePrimitive.orientation>
			<zmn:GM_OrientablePrimitive.primitive idref="C000000020"/>
			<zmn:GM_Curve.segment>
				<zmn:GM_LineString>
					<zmn:GM_LineString.controlPoint>
						<zmn:GM_PointArray.column>
							<zmn:GM_Position.indirect>
								<zmn:GM_PointRef.point idref="P000000034"/>
							</zmn:GM_Position.indirect>
						</zmn:GM_PointArray.column>
						<zmn:GM_PointArray.column>
							<zmn:GM_Position.indirect>
								<zmn:GM_PointRef.point idref="P000000033"/>
							</zmn:GM_Position.indirect>
						</zmn:GM_PointArray.column>
					</zmn:GM_LineString.controlPoint>
				</zmn:GM_LineString>
			</zmn:GM_Curve.segment>
		</zmn:GM_Curve>
		<zmn:GM_Curve id="C000000021">
			<zmn:GM_OrientablePrimitive.orientation>+</zmn:GM_OrientablePrimitive.orientation>
			<zmn:GM_OrientablePrimitive.primitive idref="C000000021"/>
			<zmn:GM_Curve.segment>
				<zmn:GM_LineString>
					<zmn:GM_LineString.controlPoint>
						<zmn:GM_PointArray.column>
							<zmn:GM_Position.indirect>
								<zmn:GM_PointRef.point idref="P000000033"/>
							</zmn:GM_Position.indirect>
						</zmn:GM_PointArray.column>
						<zmn:GM_PointArray.column>
							<zmn:GM_Position.indirect>
								<zmn:GM_PointRef.point idref="P000000032"/>
							</zmn:GM_Position.indirect>
						</zmn:GM_PointArray.column>
					</zmn:GM_LineString.controlPoint>
				</zmn:GM_LineString>
			</zmn:GM_Curve.segment>
		</zmn:GM_Curve>
		<zmn:GM_Curve id="C000000022">
			<zmn:GM_OrientablePrimitive.orientation>+</zmn:GM_OrientablePrimitive.orientation>
			<zmn:GM_OrientablePrimitive.primitive idref="C000000022"/>
			<zmn:GM_Curve.segment>
				<zmn:GM_LineString>
					<zmn:GM_LineString.controlPoint>
						<zmn:GM_PointArray.column>
							<zmn:GM_Position.indirect>
								<zmn:GM_PointRef.point idref="P000000032"/>
							</zmn:GM_Position.indirect>
						</zmn:GM_PointArray.column>
						<zmn:GM_PointArray.column>
							<zmn:GM_Position.indirect>
								<zmn:GM_PointRef.point idref="P000000023"/>
							</zmn:GM_Position.indirect>
						</zmn:GM_PointArray.column>
					</zmn:GM_LineString.controlPoint>
				</zmn:GM_LineString>
			</zmn:GM_Curve.segment>
		</zmn:GM_Curve>
		<zmn:GM_Curve id="C000000023">
			<zmn:GM_OrientablePrimitive.orientation>+</zmn:GM_OrientablePrimitive.orientation>
			<zmn:GM_OrientablePrimitive.primitive idref="C000000023"/>
			<zmn:GM_Curve.segment>
				<zmn:GM_LineString>
					<zmn:GM_LineString.controlPoint>
						<zmn:GM_PointArray.column>
							<zmn:GM_Position.indirect>
								<zmn:GM_PointRef.point idref="P000000023"/>
							</zmn:GM_Position.indirect>
						</zmn:GM_PointArray.column>
						<zmn:GM_PointArray.column>
							<zmn:GM_Position.indirect>
								<zmn:GM_PointRef.point idref="P000000012"/>
							</zmn:GM_Position.indirect>
						</zmn:GM_PointArray.column>
					</zmn:GM_LineString.controlPoint>
				</zmn:GM_LineString>
			</zmn:GM_Curve.segment>
		</zmn:GM_Curve>
		<zmn:GM_Curve id="C000000024">
			<zmn:GM_OrientablePrimitive.orientation>+</zmn:GM_OrientablePrimitive.orientation>
			<zmn:GM_OrientablePrimitive.primitive idref="C000000024"/>
			<zmn:GM_Curve.segment>
				<zmn:GM_LineString>
					<zmn:GM_LineString.controlPoint>
						<zmn:GM_PointArray.column>
							<zmn:GM_Position.indirect>
								<zmn:GM_PointRef.point idref="P000000012"/>
							</zmn:GM_Position.indirect>
						</zmn:GM_PointArray.column>
						<zmn:GM_PointArray.column>
							<zmn:GM_Position.indirect>
								<zmn:GM_PointRef.point idref="P000000001"/>
							</zmn:GM_Position.indirect>
						</zmn:GM_PointArray.column>
					</zmn:GM_LineString.controlPoint>
				</zmn:GM_LineString>
			</zmn:GM_Curve.segment>
		</zmn:GM_Curve>
		<zmn:GM_Curve id="C000000025">
			<zmn:GM_OrientablePrimitive.orientation>+</zmn:GM_OrientablePrimitive.orientation>
			<zmn:GM_OrientablePrimitive.primitive idref="C000000025"/>
			<zmn:GM_Curve.segment>
				<zmn:GM_LineString>
					<zmn:GM_LineString.controlPoint>
						<zmn:GM_PointArray.column>
							<zmn:GM_Position.indirect>
								<zmn:GM_PointRef.point idref="P000000001"/>
							</zmn:GM_Position.indirect>
						</zmn:GM_PointArray.column>
						<zmn:GM_PointArray.column>
							<zmn:GM_Position.indirect>
								<zmn:GM_PointRef.point idref="P000000002"/>
							</zmn:GM_Position.indirect>
						</zmn:GM_PointArray.column>
					</zmn:GM_LineString.controlPoint>
				</zmn:GM_LineString>
			</zmn:GM_Curve.segment>
		</zmn:GM_Curve>
		<zmn:GM_Curve id="C000000026">
			<zmn:GM_OrientablePrimitive.orientation>+</zmn:GM_OrientablePrimitive.orientation>
			<zmn:GM_OrientablePrimitive.primitive idref="C000000026"/>
			<zmn:GM_Curve.segment>
				<zmn:GM_LineString>
					<zmn:GM_LineString.controlPoint>
						<zmn:GM_PointArray.column>
							<zmn:GM_Position.indirect>
								<zmn:GM_PointRef.point idref="P000000002"/>
							</zmn:GM_Position.indirect>
						</zmn:GM_PointArray.column>
						<zmn:GM_PointArray.column>
							<zmn:GM_Position.indirect>
								<zmn:GM_PointRef.point idref="P000000037"/>
							</zmn:GM_Position.indirect>
						</zmn:GM_PointArray.column>
					</zmn:GM_LineString.controlPoint>
				</zmn:GM_LineString>
			</zmn:GM_Curve.segment>
		</zmn:GM_Curve>
		<zmn:GM_Curve id="C000000027">
			<zmn:GM_OrientablePrimitive.orientation>+</zmn:GM_OrientablePrimitive.orientation>
			<zmn:GM_OrientablePrimitive.primitive idref="C000000027"/>
			<zmn:GM_Curve.segment>
				<zmn:GM_LineString>
					<zmn:GM_LineString.controlPoint>
						<zmn:GM_PointArray.column>
							<zmn:GM_Position.indirect>
								<zmn:GM_PointRef.point idref="P000000037"/>
							</zmn:GM_Position.indirect>
						</zmn:GM_PointArray.column>
						<zmn:GM_PointArray.column>
							<zmn:GM_Position.indirect>
								<zmn:GM_PointRef.point idref="P000000036"/>
							</zmn:GM_Position.indirect>
						</zmn:GM_PointArray.column>
					</zmn:GM_LineString.controlPoint>
				</zmn:GM_LineString>
			</zmn:GM_Curve.segment>
		</zmn:GM_Curve>
		<zmn:GM_Curve id="C000000028">
			<zmn:GM_OrientablePrimitive.orientation>+</zmn:GM_OrientablePrimitive.orientation>
			<zmn:GM_OrientablePrimitive.primitive idref="C000000028"/>
			<zmn:GM_Curve.segment>
				<zmn:GM_LineString>
					<zmn:GM_LineString.controlPoint>
						<zmn:GM_PointArray.column>
							<zmn:GM_Position.indirect>
								<zmn:GM_PointRef.point idref="P000000036"/>
							</zmn:GM_Position.indirect>
						</zmn:GM_PointArray.column>
						<zmn:GM_PointArray.column>
							<zmn:GM_Position.indirect>
								<zmn:GM_PointRef.point idref="P000000035"/>
							</zmn:GM_Position.indirect>
						</zmn:GM_PointArray.column>
					</zmn:GM_LineString.controlPoint>
				</zmn:GM_LineString>
			</zmn:GM_Curve.segment>
		</zmn:GM_Curve>
		<zmn:GM_Curve id="C000000029">
			<zmn:GM_OrientablePrimitive.orientation>+</zmn:GM_OrientablePrimitive.orientation>
			<zmn:GM_OrientablePrimitive.primitive idref="C000000029"/>
			<zmn:GM_Curve.segment>
				<zmn:GM_LineString>
					<zmn:GM_LineString.controlPoint>
						<zmn:GM_PointArray.column>
							<zmn:GM_Position.indirect>
								<zmn:GM_PointRef.point idref="P000000035"/>
							</zmn:GM_Position.indirect>
						</zmn:GM_PointArray.column>
						<zmn:GM_PointArray.column>
							<zmn:GM_Position.indirect>
								<zmn:GM_PointRef.point idref="P000000020"/>
							</zmn:GM_Position.indirect>
						</zmn:GM_PointArray.column>
					</zmn:GM_LineString.controlPoint>
				</zmn:GM_LineString>
			</zmn:GM_Curve.segment>
		</zmn:GM_Curve>
		<zmn:GM_Curve id="C000000030">
			<zmn:GM_OrientablePrimitive.orientation>+</zmn:GM_OrientablePrimitive.orientation>
			<zmn:GM_OrientablePrimitive.primitive idref="C000000030"/>
			<zmn:GM_Curve.segment>
				<zmn:GM_LineString>
					<zmn:GM_LineString.controlPoint>
						<zmn:GM_PointArray.column>
							<zmn:GM_Position.indirect>
								<zmn:GM_PointRef.point idref="P000000020"/>
							</zmn:GM_Position.indirect>
						</zmn:GM_PointArray.column>
						<zmn:GM_PointArray.column>
							<zmn:GM_Position.indirect>
								<zmn:GM_PointRef.point idref="P000000021"/>
							</zmn:GM_Position.indirect>
						</zmn:GM_PointArray.column>
					</zmn:GM_LineString.controlPoint>
				</zmn:GM_LineString>
			</zmn:GM_Curve.segment>
		</zmn:GM_Curve>
		<zmn:GM_Curve id="C000000031">
			<zmn:GM_OrientablePrimitive.orientation>+</zmn:GM_OrientablePrimitive.orientation>
			<zmn:GM_OrientablePrimitive.primitive idref="C000000031"/>
			<zmn:GM_Curve.segment>
				<zmn:GM_LineString>
					<zmn:GM_LineString.controlPoint>
						<zmn:GM_PointArray.column>
							<zmn:GM_Position.indirect>
								<zmn:GM_PointRef.point idref="P000000021"/>
							</zmn:GM_Position.indirect>
						</zmn:GM_PointArray.column>
						<zmn:GM_PointArray.column>
							<zmn:GM_Position.indirect>
								<zmn:GM_PointRef.point idref="P000000022"/>
							</zmn:GM_Position.indirect>
						</zmn:GM_PointArray.column>
					</zmn:GM_LineString.controlPoint>
				</zmn:GM_LineString>
			</zmn:GM_Curve.segment>
		</zmn:GM_Curve>
		<zmn:GM_Curve id="C000000032">
			<zmn:GM_OrientablePrimitive.orientation>+</zmn:GM_OrientablePrimitive.orientation>
			<zmn:GM_OrientablePrimitive.primitive idref="C000000032"/>
			<zmn:GM_Curve.segment>
				<zmn:GM_LineString>
					<zmn:GM_LineString.controlPoint>
						<zmn:GM_PointArray.column>
							<zmn:GM_Position.indirect>
								<zmn:GM_PointRef.point idref="P000000022"/>
							</zmn:GM_Position.indirect>
						</zmn:GM_PointArray.column>
						<zmn:GM_PointArray.column>
							<zmn:GM_Position.indirect>
								<zmn:GM_PointRef.point idref="P000000024"/>
							</zmn:GM_Position.indirect>
						</zmn:GM_PointArray.column>
					</zmn:GM_LineString.controlPoint>
				</zmn:GM_LineString>
			</zmn:GM_Curve.segment>
		</zmn:GM_Curve>
		<zmn:GM_Curve id="C000000033">
			<zmn:GM_OrientablePrimitive.orientation>+</zmn:GM_OrientablePrimitive.orientation>
			<zmn:GM_OrientablePrimitive.primitive idref="C000000033"/>
			<zmn:GM_Curve.segment>
				<zmn:GM_LineString>
					<zmn:GM_LineString.controlPoint>
						<zmn:GM_PointArray.column>
							<zmn:GM_Position.indirect>
								<zmn:GM_PointRef.point idref="P000000024"/>
							</zmn:GM_Position.indirect>
						</zmn:GM_PointArray.column>
						<zmn:GM_PointArray.column>
							<zmn:GM_Position.indirect>
								<zmn:GM_PointRef.point idref="P000000025"/>
							</zmn:GM_Position.indirect>
						</zmn:GM_PointArray.column>
					</zmn:GM_LineString.controlPoint>
				</zmn:GM_LineString>
			</zmn:GM_Curve.segment>
		</zmn:GM_Curve>
		<zmn:GM_Curve id="C000000034">
			<zmn:GM_OrientablePrimitive.orientation>+</zmn:GM_OrientablePrimitive.orientation>
			<zmn:GM_OrientablePrimitive.primitive idref="C000000034"/>
			<zmn:GM_Curve.segment>
				<zmn:GM_LineString>
					<zmn:GM_LineString.controlPoint>
						<zmn:GM_PointArray.column>
							<zmn:GM_Position.indirect>
								<zmn:GM_PointRef.point idref="P000000025"/>
							</zmn:GM_Position.indirect>
						</zmn:GM_PointArray.column>
						<zmn:GM_PointArray.column>
							<zmn:GM_Position.indirect>
								<zmn:GM_PointRef.point idref="P000000026"/>
							</zmn:GM_Position.indirect>
						</zmn:GM_PointArray.column>
					</zmn:GM_LineString.controlPoint>
				</zmn:GM_LineString>
			</zmn:GM_Curve.segment>
		</zmn:GM_Curve>
		<zmn:GM_Curve id="C000000035">
			<zmn:GM_OrientablePrimitive.orientation>+</zmn:GM_OrientablePrimitive.orientation>
			<zmn:GM_OrientablePrimitive.primitive idref="C000000035"/>
			<zmn:GM_Curve.segment>
				<zmn:GM_LineString>
					<zmn:GM_LineString.controlPoint>
						<zmn:GM_PointArray.column>
							<zmn:GM_Position.indirect>
								<zmn:GM_PointRef.point idref="P000000026"/>
							</zmn:GM_Position.indirect>
						</zmn:GM_PointArray.column>
						<zmn:GM_PointArray.column>
							<zmn:GM_Position.indirect>
								<zmn:GM_PointRef.point idref="P000000027"/>
							</zmn:GM_Position.indirect>
						</zmn:GM_PointArray.column>
					</zmn:GM_LineString.controlPoint>
				</zmn:GM_LineString>
			</zmn:GM_Curve.segment>
		</zmn:GM_Curve>
		<zmn:GM_Curve id="C000000036">
			<zmn:GM_OrientablePrimitive.orientation>+</zmn:GM_OrientablePrimitive.orientation>
			<zmn:GM_OrientablePrimitive.primitive idref="C000000036"/>
			<zmn:GM_Curve.segment>
				<zmn:GM_LineString>
					<zmn:GM_LineString.controlPoint>
						<zmn:GM_PointArray.column>
							<zmn:GM_Position.indirect>
								<zmn:GM_PointRef.point idref="P000000027"/>
							</zmn:GM_Position.indirect>
						</zmn:GM_PointArray.column>
						<zmn:GM_PointArray.column>
							<zmn:GM_Position.indirect>
								<zmn:GM_PointRef.point idref="P000000028"/>
							</zmn:GM_Position.indirect>
						</zmn:GM_PointArray.column>
					</zmn:GM_LineString.controlPoint>
				</zmn:GM_LineString>
			</zmn:GM_Curve.segment>
		</zmn:GM_Curve>
		<zmn:GM_Curve id="C000000037">
			<zmn:GM_OrientablePrimitive.orientation>+</zmn:GM_OrientablePrimitive.orientation>
			<zmn:GM_OrientablePrimitive.primitive idref="C000000037"/>
			<zmn:GM_Curve.segment>
				<zmn:GM_LineString>
					<zmn:GM_LineString.controlPoint>
						<zmn:GM_PointArray.column>
							<zmn:GM_Position.indirect>
								<zmn:GM_PointRef.point idref="P000000028"/>
							</zmn:GM_Position.indirect>
						</zmn:GM_PointArray.column>
						<zmn:GM_PointArray.column>
							<zmn:GM_Position.indirect>
								<zmn:GM_PointRef.point idref="P000000029"/>
							</zmn:GM_Position.indirect>
						</zmn:GM_PointArray.column>
					</zmn:GM_LineString.controlPoint>
				</zmn:GM_LineString>
			</zmn:GM_Curve.segment>
		</zmn:GM_Curve>
		<zmn:GM_Curve id="C000000038">
			<zmn:GM_OrientablePrimitive.orientation>+</zmn:GM_OrientablePrimitive.orientation>
			<zmn:GM_OrientablePrimitive.primitive idref="C000000038"/>
			<zmn:GM_Curve.segment>
				<zmn:GM_LineString>
					<zmn:GM_LineString.controlPoint>
						<zmn:GM_PointArray.column>
							<zmn:GM_Position.indirect>
								<zmn:GM_PointRef.point idref="P000000029"/>
							</zmn:GM_Position.indirect>
						</zmn:GM_PointArray.column>
						<zmn:GM_PointArray.column>
							<zmn:GM_Position.indirect>
								<zmn:GM_PointRef.point idref="P000000030"/>
							</zmn:GM_Position.indirect>
						</zmn:GM_PointArray.column>
					</zmn:GM_LineString.controlPoint>
				</zmn:GM_LineString>
			</zmn:GM_Curve.segment>
		</zmn:GM_Curve>
		<zmn:GM_Curve id="C000000039">
			<zmn:GM_OrientablePrimitive.orientation>+</zmn:GM_OrientablePrimitive.orientation>
			<zmn:GM_OrientablePrimitive.primitive idref="C000000039"/>
			<zmn:GM_Curve.segment>
				<zmn:GM_LineString>
					<zmn:GM_LineString.controlPoint>
						<zmn:GM_PointArray.column>
							<zmn:GM_Position.indirect>
								<zmn:GM_PointRef.point idref="P000000030"/>
							</zmn:GM_Position.indirect>
						</zmn:GM_PointArray.column>
						<zmn:GM_PointArray.column>
							<zmn:GM_Position.indirect>
								<zmn:GM_PointRef.point idref="P000000031"/>
							</zmn:GM_Position.indirect>
						</zmn:GM_PointArray.column>
					</zmn:GM_LineString.controlPoint>
				</zmn:GM_LineString>
			</zmn:GM_Curve.segment>
		</zmn:GM_Curve>
		<zmn:GM_Curve id="C000000040">
			<zmn:GM_OrientablePrimitive.orientation>+</zmn:GM_OrientablePrimitive.orientation>
			<zmn:GM_OrientablePrimitive.primitive idref="C000000040"/>
			<zmn:GM_Curve.segment>
				<zmn:GM_LineString>
					<zmn:GM_LineString.controlPoint>
						<zmn:GM_PointArray.column>
							<zmn:GM_Position.indirect>
								<zmn:GM_PointRef.point idref="P000000031"/>
							</zmn:GM_Position.indirect>
						</zmn:GM_PointArray.column>
						<zmn:GM_PointArray.column>
							<zmn:GM_Position.indirect>
								<zmn:GM_PointRef.point idref="P000000003"/>
							</zmn:GM_Position.indirect>
						</zmn:GM_PointArray.column>
					</zmn:GM_LineString.controlPoint>
				</zmn:GM_LineString>
			</zmn:GM_Curve.segment>
		</zmn:GM_Curve>
		<zmn:GM_Curve id="C000000041">
			<zmn:GM_OrientablePrimitive.orientation>+</zmn:GM_OrientablePrimitive.orientation>
			<zmn:GM_OrientablePrimitive.primitive idref="C000000041"/>
			<zmn:GM_Curve.segment>
				<zmn:GM_LineString>
					<zmn:GM_LineString.controlPoint>
						<zmn:GM_PointArray.column>
							<zmn:GM_Position.indirect>
								<zmn:GM_PointRef.point idref="P000000001"/>
							</zmn:GM_Position.indirect>
						</zmn:GM_PointArray.column>
						<zmn:GM_PointArray.column>
							<zmn:GM_Position.indirect>
								<zmn:GM_PointRef.point idref="P000000012"/>
							</zmn:GM_Position.indirect>
						</zmn:GM_PointArray.column>
					</zmn:GM_LineString.controlPoint>
				</zmn:GM_LineString>
			</zmn:GM_Curve.segment>
		</zmn:GM_Curve>
		<zmn:GM_Curve id="C000000042">
			<zmn:GM_OrientablePrimitive.orientation>+</zmn:GM_OrientablePrimitive.orientation>
			<zmn:GM_OrientablePrimitive.primitive idref="C000000042"/>
			<zmn:GM_Curve.segment>
				<zmn:GM_LineString>
					<zmn:GM_LineString.controlPoint>
						<zmn:GM_PointArray.column>
							<zmn:GM_Position.indirect>
								<zmn:GM_PointRef.point idref="P000000012"/>
							</zmn:GM_Position.indirect>
						</zmn:GM_PointArray.column>
						<zmn:GM_PointArray.column>
							<zmn:GM_Position.indirect>
								<zmn:GM_PointRef.point idref="P000000023"/>
							</zmn:GM_Position.indirect>
						</zmn:GM_PointArray.column>
					</zmn:GM_LineString.controlPoint>
				</zmn:GM_LineString>
			</zmn:GM_Curve.segment>
		</zmn:GM_Curve>
		<zmn:GM_Curve id="C000000043">
			<zmn:GM_OrientablePrimitive.orientation>+</zmn:GM_OrientablePrimitive.orientation>
			<zmn:GM_OrientablePrimitive.primitive idref="C000000043"/>
			<zmn:GM_Curve.segment>
				<zmn:GM_LineString>
					<zmn:GM_LineString.controlPoint>
						<zmn:GM_PointArray.column>
							<zmn:GM_Position.indirect>
								<zmn:GM_PointRef.point idref="P000000023"/>
							</zmn:GM_Position.indirect>
						</zmn:GM_PointArray.column>
						<zmn:GM_PointArray.column>
							<zmn:GM_Position.indirect>
								<zmn:GM_PointRef.point idref="P000000032"/>
							</zmn:GM_Position.indirect>
						</zmn:GM_PointArray.column>
					</zmn:GM_LineString.controlPoint>
				</zmn:GM_LineString>
			</zmn:GM_Curve.segment>
		</zmn:GM_Curve>
		<zmn:GM_Curve id="C000000044">
			<zmn:GM_OrientablePrimitive.orientation>+</zmn:GM_OrientablePrimitive.orientation>
			<zmn:GM_OrientablePrimitive.primitive idref="C000000044"/>
			<zmn:GM_Curve.segment>
				<zmn:GM_LineString>
					<zmn:GM_LineString.controlPoint>
						<zmn:GM_PointArray.column>
							<zmn:GM_Position.indirect>
								<zmn:GM_PointRef.point idref="P000000032"/>
							</zmn:GM_Position.indirect>
						</zmn:GM_PointArray.column>
						<zmn:GM_PointArray.column>
							<zmn:GM_Position.indirect>
								<zmn:GM_PointRef.point idref="P000000033"/>
							</zmn:GM_Position.indirect>
						</zmn:GM_PointArray.column>
					</zmn:GM_LineString.controlPoint>
				</zmn:GM_LineString>
			</zmn:GM_Curve.segment>
		</zmn:GM_Curve>
		<zmn:GM_Curve id="C000000045">
			<zmn:GM_OrientablePrimitive.orientation>+</zmn:GM_OrientablePrimitive.orientation>
			<zmn:GM_OrientablePrimitive.primitive idref="C000000045"/>
			<zmn:GM_Curve.segment>
				<zmn:GM_LineString>
					<zmn:GM_LineString.controlPoint>
						<zmn:GM_PointArray.column>
							<zmn:GM_Position.indirect>
								<zmn:GM_PointRef.point idref="P000000033"/>
							</zmn:GM_Position.indirect>
						</zmn:GM_PointArray.column>
						<zmn:GM_PointArray.column>
							<zmn:GM_Position.indirect>
								<zmn:GM_PointRef.point idref="P000000034"/>
							</zmn:GM_Position.indirect>
						</zmn:GM_PointArray.column>
					</zmn:GM_LineString.controlPoint>
				</zmn:GM_LineString>
			</zmn:GM_Curve.segment>
		</zmn:GM_Curve>
		<zmn:GM_Curve id="C000000046">
			<zmn:GM_OrientablePrimitive.orientation>+</zmn:GM_OrientablePrimitive.orientation>
			<zmn:GM_OrientablePrimitive.primitive idref="C000000046"/>
			<zmn:GM_Curve.segment>
				<zmn:GM_LineString>
					<zmn:GM_LineString.controlPoint>
						<zmn:GM_PointArray.column>
							<zmn:GM_Position.indirect>
								<zmn:GM_PointRef.point idref="P000000034"/>
							</zmn:GM_Position.indirect>
						</zmn:GM_PointArray.column>
						<zmn:GM_PointArray.column>
							<zmn:GM_Position.indirect>
								<zmn:GM_PointRef.point idref="P000000035"/>
							</zmn:GM_Position.indirect>
						</zmn:GM_PointArray.column>
					</zmn:GM_LineString.controlPoint>
				</zmn:GM_LineString>
			</zmn:GM_Curve.segment>
		</zmn:GM_Curve>
		<zmn:GM_Curve id="C000000047">
			<zmn:GM_OrientablePrimitive.orientation>+</zmn:GM_OrientablePrimitive.orientation>
			<zmn:GM_OrientablePrimitive.primitive idref="C000000047"/>
			<zmn:GM_Curve.segment>
				<zmn:GM_LineString>
					<zmn:GM_LineString.controlPoint>
						<zmn:GM_PointArray.column>
							<zmn:GM_Position.indirect>
								<zmn:GM_PointRef.point idref="P000000035"/>
							</zmn:GM_Position.indirect>
						</zmn:GM_PointArray.column>
						<zmn:GM_PointArray.column>
							<zmn:GM_Position.indirect>
								<zmn:GM_PointRef.point idref="P000000036"/>
							</zmn:GM_Position.indirect>
						</zmn:GM_PointArray.column>
					</zmn:GM_LineString.controlPoint>
				</zmn:GM_LineString>
			</zmn:GM_Curve.segment>
		</zmn:GM_Curve>
		<zmn:GM_Curve id="C000000048">
			<zmn:GM_OrientablePrimitive.orientation>+</zmn:GM_OrientablePrimitive.orientation>
			<zmn:GM_OrientablePrimitive.primitive idref="C000000048"/>
			<zmn:GM_Curve.segment>
				<zmn:GM_LineString>
					<zmn:GM_LineString.controlPoint>
						<zmn:GM_PointArray.column>
							<zmn:GM_Position.indirect>
								<zmn:GM_PointRef.point idref="P000000036"/>
							</zmn:GM_Position.indirect>
						</zmn:GM_PointArray.column>
						<zmn:GM_PointArray.column>
							<zmn:GM_Position.indirect>
								<zmn:GM_PointRef.point idref="P000000037"/>
							</zmn:GM_Position.indirect>
						</zmn:GM_PointArray.column>
					</zmn:GM_LineString.controlPoint>
				</zmn:GM_LineString>
			</zmn:GM_Curve.segment>
		</zmn:GM_Curve>
		<zmn:GM_Curve id="C000000049">
			<zmn:GM_OrientablePrimitive.orientation>+</zmn:GM_OrientablePrimitive.orientation>
			<zmn:GM_OrientablePrimitive.primitive idref="C000000049"/>
			<zmn:GM_Curve.segment>
				<zmn:GM_LineString>
					<zmn:GM_LineString.controlPoint>
						<zmn:GM_PointArray.column>
							<zmn:GM_Position.indirect>
								<zmn:GM_PointRef.point idref="P000000037"/>
							</zmn:GM_Position.indirect>
						</zmn:GM_PointArray.column>
						<zmn:GM_PointArray.column>
							<zmn:GM_Position.indirect>
								<zmn:GM_PointRef.point idref="P000000002"/>
							</zmn:GM_Position.indirect>
						</zmn:GM_PointArray.column>
					</zmn:GM_LineString.controlPoint>
				</zmn:GM_LineString>
			</zmn:GM_Curve.segment>
		</zmn:GM_Curve>
		<zmn:GM_Curve id="C000000050">
			<zmn:GM_OrientablePrimitive.orientation>+</zmn:GM_OrientablePrimitive.orientation>
			<zmn:GM_OrientablePrimitive.primitive idref="C000000050"/>
			<zmn:GM_Curve.segment>
				<zmn:GM_LineString>
					<zmn:GM_LineString.controlPoint>
						<zmn:GM_PointArray.column>
							<zmn:GM_Position.indirect>
								<zmn:GM_PointRef.point idref="P000000002"/>
							</zmn:GM_Position.indirect>
						</zmn:GM_PointArray.column>
						<zmn:GM_PointArray.column>
							<zmn:GM_Position.indirect>
								<zmn:GM_PointRef.point idref="P000000001"/>
							</zmn:GM_Position.indirect>
						</zmn:GM_PointArray.column>
					</zmn:GM_LineString.controlPoint>
				</zmn:GM_LineString>
			</zmn:GM_Curve.segment>
		</zmn:GM_Curve>
		<zmn:GM_Surface id="F000000001">
			<zmn:GM_Surface.patch>
				<zmn:GM_Polygon>
					<zmn:GM_Polygon.boundary>
						<zmn:GM_SurfaceBoundary>
							<zmn:GM_SurfaceBoundary.exterior>
								<zmn:GM_Ring>
									<zmn:GM_CompositeCurve.generator idref="C000000002"/>
									<zmn:GM_CompositeCurve.generator idref="C000000003"/>
									<zmn:GM_CompositeCurve.generator idref="C000000004"/>
									<zmn:GM_CompositeCurve.generator idref="C000000005"/>
									<zmn:GM_CompositeCurve.generator idref="C000000006"/>
									<zmn:GM_CompositeCurve.generator idref="C000000007"/>
									<zmn:GM_CompositeCurve.generator idref="C000000008"/>
									<zmn:GM_CompositeCurve.generator idref="C000000009"/>
									<zmn:GM_CompositeCurve.generator idref="C000000010"/>
									<zmn:GM_CompositeCurve.generator idref="C000000011"/>
									<zmn:GM_CompositeCurve.generator idref="C000000012"/>
									<zmn:GM_CompositeCurve.generator idref="C000000013"/>
									<zmn:GM_CompositeCurve.generator idref="C000000014"/>
									<zmn:GM_CompositeCurve.generator idref="C000000015"/>
									<zmn:GM_CompositeCurve.generator idref="C000000016"/>
									<zmn:GM_CompositeCurve.generator idref="C000000017"/>
									<zmn:GM_CompositeCurve.generator idref="C000000018"/>
									<zmn:GM_CompositeCurve.generator idref="C000000019"/>
									<zmn:GM_CompositeCurve.generator idref="C000000020"/>
									<zmn:GM_CompositeCurve.generator idref="C000000021"/>
									<zmn:GM_CompositeCurve.generator idref="C000000022"/>
									<zmn:GM_CompositeCurve.generator idref="C000000023"/>
									<zmn:GM_CompositeCurve.generator idref="C000000024"/>
									<zmn:GM_CompositeCurve.generator idref="C000000025"/>
									<zmn:GM_CompositeCurve.generator idref="C000000026"/>
									<zmn:GM_CompositeCurve.generator idref="C000000027"/>
									<zmn:GM_CompositeCurve.generator idref="C000000028"/>
									<zmn:GM_CompositeCurve.generator idref="C000000029"/>
									<zmn:GM_CompositeCurve.generator idref="C000000030"/>
									<zmn:GM_CompositeCurve.generator idref="C000000031"/>
									<zmn:GM_CompositeCurve.generator idref="C000000032"/>
									<zmn:GM_CompositeCurve.generator idref="C000000033"/>
									<zmn:GM_CompositeCurve.generator idref="C000000034"/>
									<zmn:GM_CompositeCurve.generator idref="C000000035"/>
									<zmn:GM_CompositeCurve.generator idref="C000000036"/>
									<zmn:GM_CompositeCurve.generator idref="C000000037"/>
									<zmn:GM_CompositeCurve.generator idref="C000000038"/>
									<zmn:GM_CompositeCurve.generator idref="C000000039"/>
									<zmn:GM_CompositeCurve.generator idref="C000000040"/>
								</zmn:GM_Ring>
							</zmn:GM_SurfaceBoundary.exterior>
						</zmn:GM_SurfaceBoundary>
					</zmn:GM_Polygon.boundary>
				</zmn:GM_Polygon>
			</zmn:GM_Surface.patch>
		</zmn:GM_Surface>
		<zmn:GM_Surface id="F000000002">
			<zmn:GM_Surface.patch>
				<zmn:GM_Polygon>
					<zmn:GM_Polygon.boundary>
						<zmn:GM_SurfaceBoundary>
							<zmn:GM_SurfaceBoundary.exterior>
								<zmn:GM_Ring>
									<zmn:GM_CompositeCurve.generator idref="C000000041"/>
									<zmn:GM_CompositeCurve.generator idref="C000000042"/>
									<zmn:GM_CompositeCurve.generator idref="C000000043"/>
									<zmn:GM_CompositeCurve.generator idref="C000000044"/>
									<zmn:GM_CompositeCurve.generator idref="C000000045"/>
									<zmn:GM_CompositeCurve.generator idref="C000000046"/>
									<zmn:GM_CompositeCurve.generator idref="C000000047"/>
									<zmn:GM_CompositeCurve.generator idref="C000000048"/>
									<zmn:GM_CompositeCurve.generator idref="C000000049"/>
									<zmn:GM_CompositeCurve.generator idref="C000000050"/>
								</zmn:GM_Ring>
							</zmn:GM_SurfaceBoundary.exterior>
						</zmn:GM_SurfaceBoundary>
					</zmn:GM_Polygon.boundary>
				</zmn:GM_Polygon>
			</zmn:GM_Surface.patch>
		</zmn:GM_Surface>
	</空間属性>
	<主題属性>
		<筆界点>
			<点番名>2887859</点番名>
			<形状 idref="P000000001"/>
		</筆界点>
		<筆界点>
			<点番名>2887860</点番名>
			<形状 idref="P000000002"/>
		</筆界点>
		<筆界点>
			<点番名>2887861</点番名>
			<形状 idref="P000000003"/>
		</筆界点>
		<筆界点>
			<点番名>2887862</点番名>
			<形状 idref="P000000004"/>
		</筆界点>
		<筆界点>
			<点番名>2887863</点番名>
			<形状 idref="P000000005"/>
		</筆界点>
		<筆界点>
			<点番名>2887864</点番名>
			<形状 idref="P000000006"/>
		</筆界点>
		<筆界点>
			<点番名>2887865</点番名>
			<形状 idref="P000000007"/>
		</筆界点>
		<筆界点>
			<点番名>2887866</点番名>
			<形状 idref="P000000008"/>
		</筆界点>
		<筆界点>
			<点番名>2887867</点番名>
			<形状 idref="P000000009"/>
		</筆界点>
		<筆界点>
			<点番名>2887868</点番名>
			<形状 idref="P000000010"/>
		</筆界点>
		<筆界点>
			<点番名>2887869</点番名>
			<形状 idref="P000000011"/>
		</筆界点>
		<筆界点>
			<点番名>2887870</点番名>
			<形状 idref="P000000012"/>
		</筆界点>
		<筆界点>
			<点番名>2887871</点番名>
			<形状 idref="P000000013"/>
		</筆界点>
		<筆界点>
			<点番名>2887872</点番名>
			<形状 idref="P000000014"/>
		</筆界点>
		<筆界点>
			<点番名>2887873</点番名>
			<形状 idref="P000000015"/>
		</筆界点>
		<筆界点>
			<点番名>2887874</点番名>
			<形状 idref="P000000016"/>
		</筆界点>
		<筆界点>
			<点番名>2887875</点番名>
			<形状 idref="P000000017"/>
		</筆界点>
		<筆界点>
			<点番名>2887876</点番名>
			<形状 idref="P000000018"/>
		</筆界点>
		<筆界点>
			<点番名>2887877</点番名>
			<形状 idref="P000000019"/>
		</筆界点>
		<筆界点>
			<点番名>2887878</点番名>
			<形状 idref="P000000020"/>
		</筆界点>
		<筆界点>
			<点番名>2887879</点番名>
			<形状 idref="P000000021"/>
		</筆界点>
		<筆界点>
			<点番名>2887880</点番名>
			<形状 idref="P000000022"/>
		</筆界点>
		<筆界点>
			<点番名>2887881</点番名>
			<形状 idref="P000000023"/>
		</筆界点>
		<筆界点>
			<点番名>2887882</点番名>
			<形状 idref="P000000024"/>
		</筆界点>
		<筆界点>
			<点番名>2887883</点番名>
			<形状 idref="P000000025"/>
		</筆界点>
		<筆界点>
			<点番名>2887884</点番名>
			<形状 idref="P000000026"/>
		</筆界点>
		<筆界点>
			<点番名>2887885</点番名>
			<形状 idref="P000000027"/>
		</筆界点>
		<筆界点>
			<点番名>2887886</点番名>
			<形状 idref="P000000028"/>
		</筆界点>
		<筆界点>
			<点番名>2887887</点番名>
			<形状 idref="P000000029"/>
		</筆界点>
		<筆界点>
			<点番名>2887888</点番名>
			<形状 idref="P000000030"/>
		</筆界点>
		<筆界点>
			<点番名>2887889</点番名>
			<形状 idref="P000000031"/>
		</筆界点>
		<筆界点>
			<点番名>2887890</点番名>
			<形状 idref="P000000032"/>
		</筆界点>
		<筆界点>
			<点番名>2887891</点番名>
			<形状 idref="P000000033"/>
		</筆界点>
		<筆界点>
			<点番名>2887892</点番名>
			<形状 idref="P000000034"/>
		</筆界点>
		<筆界点>
			<点番名>2887893</点番名>
			<形状 idref="P000000035"/>
		</筆界点>
		<筆界点>
			<点番名>2887894</点番名>
			<形状 idref="P000000036"/>
		</筆界点>
		<筆界点>
			<点番名>2887895</点番名>
			<形状 idref="P000000037"/>
		</筆界点>
		<筆界線>
			<形状 idref="C000000002"/>
			<線種別>筆界線</線種別>
		</筆界線>
		<筆界線>
			<形状 idref="C000000003"/>
			<線種別>筆界線</線種別>
		</筆界線>
		<筆界線>
			<形状 idref="C000000004"/>
			<線種別>筆界線</線種別>
		</筆界線>
		<筆界線>
			<形状 idref="C000000005"/>
			<線種別>筆界線</線種別>
		</筆界線>
		<筆界線>
			<形状 idref="C000000006"/>
			<線種別>筆界線</線種別>
		</筆界線>
		<筆界線>
			<形状 idref="C000000007"/>
			<線種別>筆界線</線種別>
		</筆界線>
		<筆界線>
			<形状 idref="C000000008"/>
			<線種別>筆界線</線種別>
		</筆界線>
		<筆界線>
			<形状 idref="C000000009"/>
			<線種別>筆界線</線種別>
		</筆界線>
		<筆界線>
			<形状 idref="C000000010"/>
			<線種別>筆界線</線種別>
		</筆界線>
		<筆界線>
			<形状 idref="C000000011"/>
			<線種別>筆界線</線種別>
		</筆界線>
		<筆界線>
			<形状 idref="C000000012"/>
			<線種別>筆界線</線種別>
		</筆界線>
		<筆界線>
			<形状 idref="C000000013"/>
			<線種別>筆界線</線種別>
		</筆界線>
		<筆界線>
			<形状 idref="C000000014"/>
			<線種別>筆界線</線種別>
		</筆界線>
		<筆界線>
			<形状 idref="C000000015"/>
			<線種別>筆界線</線種別>
		</筆界線>
		<筆界線>
			<形状 idref="C000000016"/>
			<線種別>筆界線</線種別>
		</筆界線>
		<筆界線>
			<形状 idref="C000000017"/>
			<線種別>筆界線</線種別>
		</筆界線>
		<筆界線>
			<形状 idref="C000000018"/>
			<線種別>未描画線</線種別>
		</筆界線>
		<筆界線>
			<形状 idref="C000000019"/>
			<線種別>筆界線</線種別>
		</筆界線>
		<筆界線>
			<形状 idref="C000000020"/>
			<線種別>筆界線</線種別>
		</筆界線>
		<筆界線>
			<形状 idref="C000000021"/>
			<線種別>筆界線</線種別>
		</筆界線>
		<筆界線>
			<形状 idref="C000000022"/>
			<線種別>筆界線</線種別>
		</筆界線>
		<筆界線>
			<形状 idref="C000000023"/>
			<線種別>筆界線</線種別>
		</筆界線>
		<筆界線>
			<形状 idref="C000000024"/>
			<線種別>筆界線</線種別>
		</筆界線>
		<筆界線>
			<形状 idref="C000000025"/>
			<線種別>筆界線</線種別>
		</筆界線>
		<筆界線>
			<形状 idref="C000000026"/>
			<線種別>筆界線</線種別>
		</筆界線>
		<筆界線>
			<形状 idref="C000000027"/>
			<線種別>筆界線</線種別>
		</筆界線>
		<筆界線>
			<形状 idref="C000000028"/>
			<線種別>筆界線</線種別>
		</筆界線>
		<筆界線>
			<形状 idref="C000000029"/>
			<線種別>未描画線</線種別>
		</筆界線>
		<筆界線>
			<形状 idref="C000000030"/>
			<線種別>筆界線</線種別>
		</筆界線>
		<筆界線>
			<形状 idref="C000000031"/>
			<線種別>筆界線</線種別>
		</筆界線>
		<筆界線>
			<形状 idref="C000000032"/>
			<線種別>筆界線</線種別>
		</筆界線>
		<筆界線>
			<形状 idref="C000000033"/>
			<線種別>筆界線</線種別>
		</筆界線>
		<筆界線>
			<形状 idref="C000000034"/>
			<線種別>筆界線</線種別>
		</筆界線>
		<筆界線>
			<形状 idref="C000000035"/>
			<線種別>筆界線</線種別>
		</筆界線>
		<筆界線>
			<形状 idref="C000000036"/>
			<線種別>筆界線</線種別>
		</筆界線>
		<筆界線>
			<形状 idref="C000000037"/>
			<線種別>筆界線</線種別>
		</筆界線>
		<筆界線>
			<形状 idref="C000000038"/>
			<線種別>筆界線</線種別>
		</筆界線>
		<筆界線>
			<形状 idref="C000000039"/>
			<線種別>筆界線</線種別>
		</筆界線>
		<筆界線>
			<形状 idref="C000000040"/>
			<線種別>筆界線</線種別>
		</筆界線>
		<筆界線>
			<形状 idref="C000000041"/>
			<線種別>筆界線</線種別>
		</筆界線>
		<筆界線>
			<形状 idref="C000000042"/>
			<線種別>筆界線</線種別>
		</筆界線>
		<筆界線>
			<形状 idref="C000000043"/>
			<線種別>筆界線</線種別>
		</筆界線>
		<筆界線>
			<形状 idref="C000000044"/>
			<線種別>筆界線</線種別>
		</筆界線>
		<筆界線>
			<形状 idref="C000000045"/>
			<線種別>筆界線</線種別>
		</筆界線>
		<筆界線>
			<形状 idref="C000000046"/>
			<線種別>筆界線</線種別>
		</筆界線>
		<筆界線>
			<形状 idref="C000000047"/>
			<線種別>筆界線</線種別>
		</筆界線>
		<筆界線>
			<形状 idref="C000000048"/>
			<線種別>筆界線</線種別>
		</筆界線>
		<筆界線>
			<形状 idref="C000000049"/>
			<線種別>筆界線</線種別>
		</筆界線>
		<筆界線>
			<形状 idref="C000000050"/>
			<線種別>筆界線</線種別>
		</筆界線>
		<筆 id="H000000001">
			<大字コード>008</大字コード>
			<丁目コード>000</丁目コード>
			<小字コード>0000</小字コード>
			<予備コード>00</予備コード>
			<大字名>上高尻</大字名>
			<地番>304-続2</地番>
			<形状 idref="F000000001"/>
			<座標値種別>図上測量</座標値種別>
		</筆>
		<筆 id="H000000002">
			<大字コード>008</大字コード>
			<丁目コード>000</丁目コード>
			<小字コード>0000</小字コード>
			<予備コード>00</予備コード>
			<大字名>上高尻</大字名>
			<地番>304-続2-第1</地番>
			<形状 idref="F000000002"/>
			<座標値種別>図上測量</座標値種別>
		</筆>
	</主題属性>
	<図郭>
		<地図番号>か3-9-2</地図番号>
		<方位不明フラグ>true</方位不明フラグ>
		<左下座標>
			<zmn:X>659.426</zmn:X>
			<zmn:Y>7916.923</zmn:Y>
		</左下座標>
		<左上座標>
			<zmn:X>929.403</zmn:X>
			<zmn:Y>7916.923</zmn:Y>
		</左上座標>
		<右下座標>
			<zmn:X>659.460</zmn:X>
			<zmn:Y>8243.897</zmn:Y>
		</右下座標>
		<右上座標>
			<zmn:X>929.437</zmn:X>
			<zmn:Y>8243.897</zmn:Y>
		</右上座標>
		<地図種類>旧土地台帳附属地図</地図種類>
		<地図分類>地図に準ずる図面</地図分類>
		<地図材質>P-F</地図材質>
		<備付地図年月日>
			<年>1981</年>
			<月>1</月>
			<日>10</日>
		</備付地図年月日>
		<筆参照 idref="H000000001"/>
		<筆参照 idref="H000000002"/>
	</図郭>
</地図>
